               epoch,      train/box_loss,      train/obj_loss,      train/cls_loss,   metrics/precision,      metrics/recall,     metrics/mAP_0.5,metrics/mAP_0.5:0.95,        val/box_loss,        val/obj_loss,        val/cls_loss,               x/lr0,               x/lr1,               x/lr2
                   0,            0.078024,             0.17967,            0.014626,             0.61011,             0.63674,             0.67763,             0.39373,             0.05656,            0.064987,           0.0052208,              0.0706,           0.0032667,           0.0032667
                   1,            0.060015,             0.11788,           0.0032789,             0.85054,             0.77959,             0.85638,             0.53218,             0.04591,            0.053253,           0.0019154,            0.040578,           0.0065782,           0.0065782
                   2,            0.055319,             0.11248,           0.0024084,             0.89564,             0.77931,             0.88787,             0.57536,            0.046026,            0.052002,           0.0015743,            0.010534,           0.0098678,           0.0098678
                   3,            0.052087,             0.10756,           0.0019061,             0.88431,             0.82317,             0.91336,             0.61565,             0.04345,            0.047783,           0.0012396,            0.009901,            0.009901,            0.009901
                   4,            0.049382,             0.10429,           0.0015884,             0.93092,             0.82059,             0.91547,             0.62563,            0.040103,            0.049538,           0.0010309,            0.009901,            0.009901,            0.009901
                   5,            0.047833,             0.10197,           0.0014611,             0.95656,             0.83745,             0.93304,             0.67601,            0.037578,            0.045975,          0.00082579,            0.009868,            0.009868,            0.009868
                   6,            0.046709,            0.099077,           0.0013943,             0.92675,             0.82236,             0.91873,             0.64481,              0.0384,            0.046654,          0.00071688,            0.009835,            0.009835,            0.009835
                   7,            0.046202,             0.09819,           0.0012995,             0.94388,             0.81418,              0.9129,             0.63969,            0.038945,            0.049622,          0.00075693,            0.009802,            0.009802,            0.009802
                   8,            0.045942,            0.098564,           0.0012312,             0.94889,             0.82035,             0.92696,             0.69247,            0.035644,              0.0457,          0.00059633,            0.009769,            0.009769,            0.009769
                   9,            0.045089,            0.096647,           0.0011887,             0.95049,             0.81413,             0.91087,             0.67913,             0.03685,            0.046555,          0.00066156,            0.009736,            0.009736,            0.009736
                  10,            0.044864,            0.096164,           0.0011998,             0.95753,             0.85202,             0.94118,             0.69502,            0.036065,            0.043396,           0.0005558,            0.009703,            0.009703,            0.009703
                  11,            0.044264,            0.095146,           0.0011927,             0.96374,             0.84644,             0.93266,             0.69766,            0.036261,            0.044197,          0.00066786,             0.00967,             0.00967,             0.00967
                  12,            0.044082,            0.095035,           0.0011658,               0.964,             0.85808,             0.93876,             0.73824,            0.033676,             0.04129,          0.00057163,            0.009637,            0.009637,            0.009637
                  13,             0.04369,            0.092858,           0.0011035,             0.94507,             0.85222,             0.94291,             0.72019,            0.035139,            0.042519,          0.00057077,            0.009604,            0.009604,            0.009604
                  14,            0.043362,            0.092831,           0.0010886,             0.96246,             0.86955,             0.94836,             0.72228,            0.034404,              0.0411,          0.00052099,            0.009571,            0.009571,            0.009571
                  15,            0.043202,            0.092784,           0.0011377,             0.96347,             0.87151,             0.94712,             0.72943,            0.034593,            0.043221,          0.00051069,            0.009538,            0.009538,            0.009538
                  16,            0.042792,            0.092685,           0.0010338,              0.9712,             0.85515,             0.93823,             0.72881,            0.034235,            0.042053,          0.00051146,            0.009505,            0.009505,            0.009505
                  17,            0.043238,            0.092314,           0.0010812,             0.96199,             0.86136,             0.93362,             0.72142,            0.034312,            0.044136,          0.00055914,            0.009472,            0.009472,            0.009472
                  18,            0.042925,            0.091484,           0.0010765,             0.96647,              0.8585,             0.94206,              0.7283,             0.03415,            0.042938,          0.00046968,            0.009439,            0.009439,            0.009439
                  19,            0.042502,            0.091402,           0.0010241,             0.96533,             0.87322,             0.93949,             0.73209,            0.033413,            0.043083,          0.00048685,            0.009406,            0.009406,            0.009406
                  20,            0.042297,            0.090863,          0.00097963,             0.97125,             0.85976,             0.94132,             0.73595,             0.03358,            0.041748,          0.00047626,            0.009373,            0.009373,            0.009373
                  21,            0.042243,            0.089672,          0.00097991,             0.97161,             0.88223,             0.94305,             0.74951,            0.032777,            0.040588,           0.0004406,             0.00934,             0.00934,             0.00934
                  22,            0.042224,            0.090813,           0.0010089,             0.95552,             0.87346,              0.9466,              0.7448,            0.032641,            0.041344,          0.00044956,            0.009307,            0.009307,            0.009307
                  23,             0.04222,            0.089438,          0.00098718,             0.98157,             0.88035,             0.95025,             0.74275,            0.033392,            0.040428,           0.0004508,            0.009274,            0.009274,            0.009274
                  24,            0.042118,            0.089358,           0.0010074,             0.97134,             0.88131,              0.9457,             0.75545,            0.032351,            0.040359,          0.00045528,            0.009241,            0.009241,            0.009241
                  25,             0.04176,            0.088968,           0.0010085,             0.96627,             0.86644,             0.94423,             0.75067,            0.032897,            0.041626,          0.00045862,            0.009208,            0.009208,            0.009208
                  26,            0.041866,            0.088673,          0.00096025,             0.97362,             0.87499,             0.94486,             0.75132,            0.033141,            0.040627,          0.00046015,            0.009175,            0.009175,            0.009175
                  27,            0.041905,            0.089032,           0.0010153,             0.97576,             0.87743,             0.94335,             0.75338,            0.032968,            0.041565,          0.00046129,            0.009142,            0.009142,            0.009142
                  28,            0.041867,             0.08863,          0.00096523,             0.96543,             0.88149,             0.96074,             0.76505,            0.032179,            0.039551,          0.00049162,            0.009109,            0.009109,            0.009109
                  29,            0.041686,             0.08774,          0.00094552,             0.96533,             0.88036,             0.94611,             0.76239,             0.03197,            0.039589,          0.00040646,            0.009076,            0.009076,            0.009076
                  30,            0.041418,            0.087721,          0.00091006,             0.96621,             0.88204,             0.95721,             0.76643,            0.032271,            0.038719,          0.00045404,            0.009043,            0.009043,            0.009043
                  31,            0.041268,            0.087768,          0.00092374,             0.96528,             0.87622,             0.95352,             0.76337,            0.032129,             0.03907,          0.00042934,             0.00901,             0.00901,             0.00901
                  32,            0.041167,            0.087853,          0.00095843,             0.97213,             0.89053,             0.95395,             0.77389,             0.03171,            0.039711,           0.0004426,            0.008977,            0.008977,            0.008977
                  33,            0.041302,            0.086997,          0.00092179,             0.96583,             0.88396,             0.95524,              0.7729,            0.032025,            0.039322,          0.00041552,            0.008944,            0.008944,            0.008944
                  34,            0.040896,            0.087247,          0.00093814,             0.96822,             0.88125,             0.94458,             0.75831,              0.0325,            0.038811,          0.00041523,            0.008911,            0.008911,            0.008911
                  35,            0.040859,             0.08628,           0.0008983,             0.97066,             0.87764,              0.9405,             0.76368,            0.032195,            0.038322,          0.00037737,            0.008878,            0.008878,            0.008878
                  36,            0.040835,            0.085866,          0.00088657,             0.97128,             0.88607,             0.95093,              0.7785,            0.031344,            0.039124,          0.00040359,            0.008845,            0.008845,            0.008845
                  37,            0.040846,            0.086161,          0.00092552,             0.96432,             0.87955,             0.94704,              0.7571,            0.031991,            0.039604,           0.0004405,            0.008812,            0.008812,            0.008812
                  38,            0.040718,            0.086063,          0.00093793,             0.97332,             0.88549,             0.95974,             0.78576,             0.03118,             0.03846,          0.00045013,            0.008779,            0.008779,            0.008779
                  39,             0.04109,            0.085789,          0.00089375,             0.97303,             0.88398,             0.94431,             0.78093,             0.03097,            0.038506,          0.00044231,            0.008746,            0.008746,            0.008746
                  40,            0.040908,             0.08557,          0.00089595,             0.97098,             0.89187,             0.94651,             0.77248,            0.031712,            0.038467,           0.0004529,            0.008713,            0.008713,            0.008713
                  41,            0.040433,            0.085573,          0.00092083,             0.97186,             0.87625,             0.94776,             0.76782,            0.031955,             0.03801,          0.00036879,             0.00868,             0.00868,             0.00868
                  42,            0.040312,            0.085626,          0.00087533,             0.97528,             0.89896,             0.95433,             0.77718,            0.031519,            0.037552,          0.00038652,            0.008647,            0.008647,            0.008647
                  43,            0.040411,            0.084722,          0.00088149,             0.97446,             0.88996,             0.95084,             0.78806,            0.030545,            0.037689,          0.00037279,            0.008614,            0.008614,            0.008614
                  44,             0.04057,            0.085473,          0.00089479,             0.96971,             0.90775,              0.9485,             0.76758,            0.031418,            0.037483,          0.00042229,            0.008581,            0.008581,            0.008581
                  45,            0.040464,            0.085077,          0.00089314,             0.97239,             0.89905,             0.95019,             0.78335,             0.03046,            0.038979,           0.0004117,            0.008548,            0.008548,            0.008548
                  46,            0.040414,            0.085344,          0.00092012,              0.9719,             0.89265,             0.95673,             0.78747,            0.030583,            0.038208,          0.00038204,            0.008515,            0.008515,            0.008515
                  47,             0.04044,            0.085155,          0.00086006,             0.97199,              0.8826,             0.95016,             0.78742,            0.030583,            0.037415,          0.00039492,            0.008482,            0.008482,            0.008482
                  48,             0.04012,            0.084226,          0.00087434,             0.97365,             0.88603,             0.95194,             0.78184,            0.030729,            0.037857,          0.00037889,            0.008449,            0.008449,            0.008449
                  49,            0.040341,             0.08414,          0.00090429,             0.97304,             0.89616,             0.95043,             0.78573,            0.030511,             0.03743,          0.00040092,            0.008416,            0.008416,            0.008416
                  50,            0.040194,            0.084945,          0.00085764,             0.97067,             0.90482,             0.95731,             0.79238,            0.030689,            0.037148,          0.00037317,            0.008383,            0.008383,            0.008383
                  51,            0.040001,            0.084024,          0.00083033,             0.97528,             0.89313,             0.95257,             0.78851,            0.030616,            0.037369,          0.00037651,             0.00835,             0.00835,             0.00835
                  52,            0.039943,            0.083542,          0.00085458,             0.97336,             0.90309,              0.9606,             0.79258,            0.030711,             0.03717,           0.0003933,            0.008317,            0.008317,            0.008317
                  53,            0.039936,            0.083724,          0.00088117,             0.97493,             0.90411,             0.95382,             0.78269,            0.031013,            0.036285,          0.00037804,            0.008284,            0.008284,            0.008284
                  54,            0.039965,            0.083879,          0.00089253,             0.97518,             0.89368,             0.95125,             0.78439,            0.030727,            0.037643,          0.00039196,            0.008251,            0.008251,            0.008251
                  55,            0.040032,            0.083758,          0.00083559,             0.97333,             0.90054,             0.95515,             0.79453,            0.030122,            0.036644,          0.00035896,            0.008218,            0.008218,            0.008218
                  56,            0.040142,            0.083608,           0.0008361,             0.97517,             0.88623,             0.94385,             0.78234,             0.03084,            0.037918,          0.00039358,            0.008185,            0.008185,            0.008185
                  57,            0.039675,            0.083538,          0.00084615,             0.97846,             0.88902,              0.9517,             0.79221,            0.030284,            0.037613,          0.00038233,            0.008152,            0.008152,            0.008152
                  58,            0.039823,            0.082511,          0.00083625,             0.96934,             0.89711,             0.94936,             0.79113,            0.030409,            0.036606,          0.00035911,            0.008119,            0.008119,            0.008119
                  59,            0.039664,             0.08318,          0.00082786,             0.97442,             0.91034,             0.95329,             0.79062,            0.030227,            0.037193,          0.00034184,            0.008086,            0.008086,            0.008086
                  60,            0.039995,            0.082889,          0.00082203,             0.97355,             0.90444,             0.94952,             0.79601,            0.030115,            0.037277,          0.00036535,            0.008053,            0.008053,            0.008053
                  61,            0.039631,            0.082418,          0.00084904,              0.9653,             0.89869,             0.94823,              0.7825,            0.030935,            0.037476,          0.00035963,             0.00802,             0.00802,             0.00802
                  62,            0.039677,            0.083182,          0.00082692,             0.97157,              0.9052,             0.95102,             0.79403,            0.030185,            0.037926,          0.00039778,            0.007987,            0.007987,            0.007987
                  63,            0.039502,            0.082561,           0.0008244,             0.97164,             0.89766,             0.94808,             0.79556,            0.029864,             0.03698,          0.00037804,            0.007954,            0.007954,            0.007954
                  64,             0.03944,            0.082094,          0.00082051,             0.97461,              0.9033,             0.95027,             0.79855,             0.02977,             0.03688,          0.00036364,            0.007921,            0.007921,            0.007921
                  65,            0.039534,            0.081849,          0.00080267,             0.97763,             0.90163,             0.95228,             0.79565,            0.029858,            0.036224,          0.00035143,            0.007888,            0.007888,            0.007888
                  66,            0.039452,             0.08225,          0.00082578,             0.97863,             0.88917,             0.94972,             0.80134,            0.029596,            0.036232,          0.00036526,            0.007855,            0.007855,            0.007855
                  67,            0.039234,            0.081087,           0.0008214,             0.97779,             0.91044,              0.9568,             0.80348,            0.029462,             0.03717,           0.0003726,            0.007822,            0.007822,            0.007822
                  68,            0.039326,            0.081809,           0.0008036,             0.97611,             0.89979,             0.95154,             0.80162,            0.029618,            0.036568,          0.00036812,            0.007789,            0.007789,            0.007789
                  69,            0.039438,            0.081767,          0.00082265,             0.97719,              0.9021,             0.96099,             0.81041,            0.029622,            0.035759,          0.00035019,            0.007756,            0.007756,            0.007756
                  70,            0.039279,            0.081544,          0.00080483,              0.9768,             0.90191,             0.95005,             0.79733,            0.030001,            0.036003,          0.00034609,            0.007723,            0.007723,            0.007723
                  71,              0.0394,            0.081866,          0.00078989,             0.97199,             0.91412,              0.9521,              0.8042,            0.029652,            0.035835,          0.00035782,             0.00769,             0.00769,             0.00769
                  72,            0.039112,            0.081588,          0.00077916,              0.9727,             0.90538,             0.95476,             0.80652,            0.029712,            0.035843,          0.00037932,            0.007657,            0.007657,            0.007657
                  73,            0.039066,            0.081336,          0.00078366,             0.97836,             0.90282,             0.95082,             0.80137,            0.029757,            0.036934,          0.00037088,            0.007624,            0.007624,            0.007624
                  74,            0.039273,            0.080905,          0.00078722,             0.97768,             0.90823,             0.95315,             0.80588,            0.029513,            0.035332,          0.00035262,            0.007591,            0.007591,            0.007591
                  75,            0.038897,            0.080969,          0.00078821,             0.97879,             0.89904,             0.95457,             0.80525,            0.029583,            0.035187,          0.00035753,            0.007558,            0.007558,            0.007558
                  76,            0.039057,            0.080839,          0.00076216,             0.97394,             0.90201,             0.95047,             0.80801,            0.029471,            0.035164,          0.00033479,            0.007525,            0.007525,            0.007525
                  77,            0.039581,            0.080848,          0.00078465,              0.9717,             0.89942,             0.95095,             0.80131,            0.029735,            0.036026,          0.00038576,            0.007492,            0.007492,            0.007492
                  78,            0.038979,            0.080295,          0.00082771,             0.97403,             0.90413,             0.95985,             0.81227,            0.029404,            0.035454,          0.00031371,            0.007459,            0.007459,            0.007459
                  79,            0.038883,            0.079993,          0.00078473,             0.97986,              0.9138,             0.95699,             0.81416,            0.029064,            0.034966,          0.00033755,            0.007426,            0.007426,            0.007426
                  80,            0.038584,            0.079748,           0.0007875,             0.98055,             0.90811,             0.95256,             0.81029,            0.029157,            0.035583,          0.00033565,            0.007393,            0.007393,            0.007393
                  81,            0.039046,            0.080335,           0.0007816,             0.97168,             0.90255,             0.94995,             0.80528,            0.029303,            0.035294,          0.00033007,             0.00736,             0.00736,             0.00736
                  82,            0.038799,            0.080198,          0.00082014,             0.97395,             0.88931,             0.94332,             0.80482,            0.029382,            0.036453,          0.00032606,            0.007327,            0.007327,            0.007327
                  83,            0.038713,            0.079423,          0.00077831,             0.97408,             0.90544,             0.95761,             0.81217,            0.029225,            0.035217,          0.00034008,            0.007294,            0.007294,            0.007294
                  84,            0.038677,            0.079856,          0.00076493,             0.97483,             0.90509,              0.9573,             0.81326,            0.028997,             0.03463,          0.00035276,            0.007261,            0.007261,            0.007261
                  85,            0.038983,            0.080731,          0.00078093,             0.98238,              0.9094,             0.95385,             0.81174,            0.029116,            0.034866,          0.00033269,            0.007228,            0.007228,            0.007228
                  86,            0.038809,            0.080338,          0.00075788,             0.97491,             0.90833,             0.95137,             0.81127,            0.029288,            0.035477,           0.0003407,            0.007195,            0.007195,            0.007195
                  87,            0.038566,            0.079912,          0.00073577,             0.97765,             0.90707,             0.95403,             0.81084,            0.029089,            0.035294,          0.00034447,            0.007162,            0.007162,            0.007162
                  88,            0.038513,            0.079319,          0.00079314,             0.97061,             0.91032,             0.95042,             0.80884,            0.029211,              0.0354,          0.00033121,            0.007129,            0.007129,            0.007129
                  89,            0.038724,            0.079354,          0.00074812,             0.98057,                0.91,             0.95311,             0.81373,            0.029012,            0.035034,          0.00037098,            0.007096,            0.007096,            0.007096
                  90,            0.038467,            0.078837,          0.00078854,             0.97311,             0.90925,             0.95407,             0.81137,            0.029018,            0.034805,          0.00033803,            0.007063,            0.007063,            0.007063
                  91,            0.038617,            0.079757,          0.00076078,             0.97265,             0.90329,             0.95098,             0.80566,            0.029439,            0.035995,          0.00034008,             0.00703,             0.00703,             0.00703
                  92,            0.038534,            0.079044,          0.00078059,             0.97655,             0.91748,             0.95914,             0.82045,            0.028726,            0.034515,          0.00032802,            0.006997,            0.006997,            0.006997
                  93,            0.038434,            0.078819,          0.00074466,             0.97839,              0.9129,             0.95584,             0.81853,            0.028747,            0.034241,          0.00033555,            0.006964,            0.006964,            0.006964
                  94,            0.038517,            0.078405,          0.00075124,             0.97781,             0.90363,             0.95517,             0.81892,            0.028768,            0.034554,          0.00031142,            0.006931,            0.006931,            0.006931
                  95,            0.038386,             0.07911,          0.00071456,             0.97203,             0.90457,             0.94987,             0.81279,            0.028849,            0.034798,          0.00032558,            0.006898,            0.006898,            0.006898
                  96,             0.03825,            0.078566,          0.00074936,             0.97514,             0.90156,             0.95181,             0.81197,            0.029198,            0.034889,          0.00034161,            0.006865,            0.006865,            0.006865
                  97,            0.038333,            0.078909,          0.00077087,             0.97376,             0.90653,             0.95146,               0.816,            0.028909,            0.034706,          0.00031729,            0.006832,            0.006832,            0.006832
                  98,            0.038339,            0.078811,           0.0007557,              0.9656,             0.90974,             0.95622,             0.81731,            0.028906,            0.035179,          0.00032883,            0.006799,            0.006799,            0.006799
                  99,            0.038385,            0.078093,          0.00075868,             0.97859,             0.90369,             0.95071,             0.81791,            0.028712,             0.03373,          0.00031662,            0.006766,            0.006766,            0.006766
                 100,            0.038105,            0.078961,          0.00072547,             0.97561,             0.90313,             0.95215,             0.81705,            0.028795,            0.034531,           0.0003231,            0.006733,            0.006733,            0.006733
                 101,            0.038209,            0.078675,          0.00072603,             0.97383,             0.91183,             0.95162,             0.81581,            0.028684,            0.034584,          0.00032568,              0.0067,              0.0067,              0.0067
                 102,            0.038443,            0.078092,          0.00074059,             0.97234,             0.91284,             0.95191,             0.81991,            0.028791,            0.034409,          0.00034084,            0.006667,            0.006667,            0.006667
                 103,            0.037954,            0.077491,          0.00073571,             0.97218,             0.91357,             0.95305,             0.82386,            0.028626,            0.034096,          0.00032244,            0.006634,            0.006634,            0.006634
                 104,            0.038085,            0.078081,          0.00072032,             0.96913,             0.91439,             0.95409,             0.82152,            0.028633,            0.034508,          0.00031652,            0.006601,            0.006601,            0.006601
                 105,            0.037907,            0.077837,          0.00071245,             0.96553,             0.90049,             0.95084,             0.82054,            0.028548,            0.034782,          0.00032706,            0.006568,            0.006568,            0.006568
                 106,            0.037972,            0.077846,          0.00069847,             0.97534,             0.91449,             0.95187,             0.81939,            0.028565,            0.034576,          0.00031877,            0.006535,            0.006535,            0.006535
                 107,            0.038197,            0.077995,          0.00073441,             0.95884,               0.911,             0.95054,             0.81245,            0.028748,            0.034943,          0.00031986,            0.006502,            0.006502,            0.006502
                 108,            0.038134,            0.077526,          0.00072463,             0.97506,             0.91292,              0.9513,             0.81751,            0.028682,            0.034546,          0.00031104,            0.006469,            0.006469,            0.006469
                 109,             0.03795,            0.077446,          0.00071512,             0.98119,             0.91172,             0.95407,             0.82421,            0.028393,            0.034058,          0.00031276,            0.006436,            0.006436,            0.006436
                 110,            0.037818,            0.077304,          0.00075467,             0.98009,              0.9182,             0.95548,             0.81883,            0.028718,            0.034317,          0.00032105,            0.006403,            0.006403,            0.006403
                 111,            0.037708,            0.077014,          0.00074779,             0.97516,             0.91156,             0.95576,             0.82687,            0.028445,            0.033707,          0.00029912,             0.00637,             0.00637,             0.00637
                 112,             0.03793,              0.0777,          0.00070777,             0.97056,             0.90839,             0.95248,             0.82107,            0.028594,            0.034264,          0.00031309,            0.006337,            0.006337,            0.006337
                 113,            0.037921,            0.077739,          0.00072296,             0.97687,             0.90363,             0.95495,             0.82592,             0.02841,            0.034386,           0.0003089,            0.006304,            0.006304,            0.006304
                 114,            0.037899,            0.077345,          0.00071255,             0.97527,             0.91443,             0.95821,             0.82115,            0.028829,            0.034203,          0.00031834,            0.006271,            0.006271,            0.006271
                 115,            0.037686,            0.077261,          0.00071893,             0.97784,             0.91403,             0.95539,             0.82281,            0.028512,            0.034241,          0.00028849,            0.006238,            0.006238,            0.006238
                 116,            0.037812,            0.077464,          0.00070256,             0.97262,             0.90783,             0.95267,             0.82357,            0.028521,            0.034012,          0.00031624,            0.006205,            0.006205,            0.006205
                 117,            0.037685,            0.076884,          0.00070134,             0.97744,             0.92101,             0.95737,             0.82542,            0.028405,            0.034317,          0.00030532,            0.006172,            0.006172,            0.006172
                 118,            0.037625,            0.077259,          0.00070319,             0.97682,             0.91061,             0.95803,             0.82628,            0.028205,            0.033966,          0.00029454,            0.006139,            0.006139,            0.006139
                 119,            0.037749,            0.076343,          0.00071567,             0.98288,             0.91204,             0.95629,              0.8287,            0.028194,            0.033356,           0.0003027,            0.006106,            0.006106,            0.006106
                 120,            0.037805,            0.076602,          0.00070601,             0.98055,             0.90926,             0.95538,             0.82681,            0.028195,            0.033752,          0.00030913,            0.006073,            0.006073,            0.006073
                 121,            0.037699,             0.07651,          0.00071343,             0.97644,             0.90636,             0.95183,              0.8226,            0.028424,            0.033287,          0.00031824,             0.00604,             0.00604,             0.00604
                 122,            0.037717,            0.076776,          0.00069715,             0.97699,             0.91925,             0.95628,             0.82816,            0.028297,            0.033745,          0.00031734,            0.006007,            0.006007,            0.006007
                 123,            0.037401,            0.075934,           0.0006809,             0.97729,             0.91805,             0.95847,             0.83217,            0.028256,            0.032959,          0.00029774,            0.005974,            0.005974,            0.005974
                 124,            0.037693,            0.076097,          0.00071047,             0.98015,             0.91319,             0.95524,             0.82914,            0.028116,            0.033051,          0.00031004,            0.005941,            0.005941,            0.005941
                 125,            0.037418,            0.076367,          0.00070691,              0.9765,             0.90809,             0.95742,             0.83265,            0.027957,            0.033066,          0.00028353,            0.005908,            0.005908,            0.005908
                 126,            0.037502,            0.076206,          0.00069474,             0.97769,              0.9178,             0.95842,             0.83227,            0.028013,            0.033577,          0.00030284,            0.005875,            0.005875,            0.005875
                 127,            0.037488,            0.076178,          0.00068483,             0.98051,             0.91244,             0.95775,             0.83245,            0.028094,            0.032669,          0.00030632,            0.005842,            0.005842,            0.005842
                 128,            0.037406,            0.076497,          0.00067937,             0.97676,             0.92051,             0.95778,              0.8306,            0.028001,            0.032616,          0.00028639,            0.005809,            0.005809,            0.005809
                 129,            0.037338,            0.075294,          0.00069661,             0.97958,             0.91776,             0.95513,             0.82684,            0.028171,            0.033531,           0.0002861,            0.005776,            0.005776,            0.005776
                 130,            0.037446,            0.075629,          0.00068597,             0.97504,             0.91544,             0.95194,             0.82322,             0.02831,            0.033607,          0.00029254,            0.005743,            0.005743,            0.005743
                 131,            0.037401,            0.075787,          0.00069212,             0.97677,             0.91025,             0.95533,             0.82893,            0.028178,            0.033371,          0.00028677,             0.00571,             0.00571,             0.00571
                 132,             0.03743,            0.075983,          0.00065131,             0.98145,              0.9126,              0.9556,             0.82904,            0.028223,            0.033142,          0.00028887,            0.005677,            0.005677,            0.005677
                 133,            0.037462,            0.075397,          0.00067427,             0.97852,             0.91611,              0.9539,              0.8303,            0.028079,            0.033051,          0.00028529,            0.005644,            0.005644,            0.005644
                 134,            0.037018,            0.075128,          0.00068621,             0.97408,             0.91152,             0.95488,             0.82963,            0.028016,            0.033203,          0.00029459,            0.005611,            0.005611,            0.005611
                 135,            0.037189,            0.074795,          0.00067549,             0.97488,             0.91343,             0.95296,             0.82513,            0.028312,            0.033562,          0.00028853,            0.005578,            0.005578,            0.005578
                 136,            0.037373,             0.07551,          0.00067052,             0.97203,             0.91181,             0.95431,             0.82911,            0.028169,             0.03331,          0.00029011,            0.005545,            0.005545,            0.005545
                 137,            0.037112,             0.07523,          0.00067268,             0.97109,             0.91704,             0.95353,             0.82811,            0.027989,            0.033768,          0.00028553,            0.005512,            0.005512,            0.005512
                 138,            0.036973,            0.074995,          0.00065062,             0.98133,             0.90944,             0.95445,             0.82882,            0.028015,            0.033081,          0.00027137,            0.005479,            0.005479,            0.005479
                 139,            0.037005,            0.074978,          0.00066632,             0.97769,             0.91594,             0.95443,             0.83286,            0.027846,            0.033195,          0.00028129,            0.005446,            0.005446,            0.005446
                 140,            0.037033,            0.075097,           0.0006523,              0.9791,             0.91201,             0.95209,             0.83158,            0.028021,            0.033333,          0.00027924,            0.005413,            0.005413,            0.005413
                 141,            0.037086,            0.075026,          0.00067316,             0.98128,             0.91323,              0.9567,             0.83593,            0.027745,            0.032547,          0.00028811,             0.00538,             0.00538,             0.00538
                 142,            0.037148,            0.073907,          0.00064625,             0.97847,             0.91545,              0.9567,              0.8324,             0.02785,            0.032539,          0.00029016,            0.005347,            0.005347,            0.005347
                 143,            0.036936,            0.074235,          0.00066732,             0.97704,             0.91073,             0.95286,             0.83186,            0.027884,            0.032906,          0.00028667,            0.005314,            0.005314,            0.005314
                 144,             0.03702,             0.07434,          0.00066365,             0.97623,             0.91761,               0.957,             0.83441,            0.027888,            0.032768,          0.00028653,            0.005281,            0.005281,            0.005281
                 145,              0.0367,            0.074013,          0.00063701,             0.97342,             0.91451,             0.95293,             0.82907,            0.027999,            0.033501,          0.00028739,            0.005248,            0.005248,            0.005248
                 146,            0.036776,             0.07432,          0.00062014,             0.97626,             0.91689,             0.95597,             0.83383,            0.027791,            0.032425,          0.00027704,            0.005215,            0.005215,            0.005215
                 147,            0.036905,            0.074274,          0.00065671,             0.97746,             0.91445,             0.95317,             0.83304,             0.02785,            0.032379,          0.00026727,            0.005182,            0.005182,            0.005182
                 148,            0.036772,            0.074047,          0.00065278,             0.97863,             0.91382,             0.95483,             0.83286,            0.027875,            0.032486,          0.00025816,            0.005149,            0.005149,            0.005149
                 149,            0.036788,            0.074199,            0.000628,             0.98022,             0.91435,             0.95454,             0.83457,             0.02773,            0.032669,          0.00027032,            0.005116,            0.005116,            0.005116
                 150,            0.036883,             0.07365,          0.00063165,             0.97904,             0.91259,             0.95457,             0.83211,            0.027789,            0.032722,           0.0002738,            0.005083,            0.005083,            0.005083
                 151,            0.036978,            0.074668,          0.00064547,             0.97612,             0.91662,             0.95398,              0.8327,            0.027868,            0.032974,          0.00027585,             0.00505,             0.00505,             0.00505
                 152,            0.036828,            0.073583,          0.00066347,             0.97994,             0.91552,             0.95394,             0.83683,            0.027694,            0.032799,          0.00027962,            0.005017,            0.005017,            0.005017
                 153,            0.036595,            0.073263,          0.00063726,             0.97705,             0.91832,             0.95766,             0.83679,            0.027723,            0.032402,          0.00027518,            0.004984,            0.004984,            0.004984
                 154,            0.036685,             0.07316,          0.00062824,             0.97841,             0.91708,             0.95467,             0.83659,            0.027695,            0.032257,          0.00028133,            0.004951,            0.004951,            0.004951
                 155,            0.036662,            0.073481,          0.00066138,             0.97858,             0.91975,             0.95477,             0.83618,            0.027596,            0.032272,          0.00027394,            0.004918,            0.004918,            0.004918
                 156,            0.036453,            0.072971,          0.00063787,             0.97839,             0.91778,             0.95691,             0.83723,            0.027596,            0.032204,          0.00026879,            0.004885,            0.004885,            0.004885
                 157,            0.036468,            0.073414,          0.00061716,             0.97861,             0.91511,             0.95644,             0.83693,            0.027702,            0.032455,           0.0002831,            0.004852,            0.004852,            0.004852
                 158,            0.036671,            0.073492,          0.00062942,             0.97292,             0.91698,             0.95582,             0.83451,            0.027696,            0.032379,          0.00028386,            0.004819,            0.004819,            0.004819
                 159,            0.036319,            0.072987,          0.00063413,             0.97518,             0.91629,             0.95517,             0.83393,            0.027733,             0.03273,           0.0002789,            0.004786,            0.004786,            0.004786
                 160,            0.036527,            0.073044,          0.00061666,             0.97308,             0.91993,             0.95373,             0.83624,            0.027656,            0.033005,          0.00028219,            0.004753,            0.004753,            0.004753
                 161,            0.036695,            0.073144,           0.0006178,             0.97913,             0.91842,             0.95395,             0.83627,            0.027622,            0.032944,          0.00028319,             0.00472,             0.00472,             0.00472
                 162,            0.036514,            0.073013,          0.00062825,             0.97624,             0.91805,             0.95413,             0.83474,            0.027629,            0.033096,          0.00027161,            0.004687,            0.004687,            0.004687
                 163,            0.036263,             0.07303,          0.00061015,             0.98403,             0.91911,             0.95349,             0.83679,            0.027572,            0.032753,          0.00028586,            0.004654,            0.004654,            0.004654
                 164,            0.036482,            0.072696,          0.00061122,             0.97923,             0.91866,             0.95422,             0.83716,            0.027587,              0.0327,          0.00028305,            0.004621,            0.004621,            0.004621
                 165,            0.036342,            0.072668,          0.00061357,              0.9813,              0.9174,             0.95434,             0.83926,            0.027596,            0.032402,          0.00026932,            0.004588,            0.004588,            0.004588
                 166,            0.036358,            0.072755,          0.00061942,              0.9792,              0.9182,             0.95497,             0.83848,            0.027597,            0.032669,          0.00026522,            0.004555,            0.004555,            0.004555
                 167,            0.036341,            0.072652,          0.00061905,             0.97901,             0.91977,             0.95519,             0.83993,            0.027497,            0.032097,          0.00025997,            0.004522,            0.004522,            0.004522
                 168,            0.036166,             0.07193,          0.00059726,             0.97914,             0.92048,             0.95718,             0.83909,            0.027497,            0.032166,          0.00025797,            0.004489,            0.004489,            0.004489
                 169,            0.036127,            0.072284,          0.00060315,             0.97707,             0.92359,             0.95573,             0.83959,             0.02753,            0.032059,          0.00026064,            0.004456,            0.004456,            0.004456
                 170,            0.036394,            0.072266,          0.00059418,             0.97764,              0.9211,             0.95768,             0.83974,            0.027552,            0.031914,          0.00025616,            0.004423,            0.004423,            0.004423
                 171,            0.036424,            0.072239,          0.00061044,             0.97705,              0.9203,             0.95838,              0.8406,            0.027466,            0.031876,          0.00024743,             0.00439,             0.00439,             0.00439
                 172,            0.036134,            0.071825,            0.000594,             0.97754,             0.91899,             0.95556,             0.83691,             0.02753,            0.031937,           0.0002533,            0.004357,            0.004357,            0.004357
                 173,            0.036154,            0.072206,          0.00061932,             0.97551,             0.92072,             0.95824,              0.8383,            0.027496,            0.032211,          0.00026007,            0.004324,            0.004324,            0.004324
                 174,            0.036197,            0.072088,          0.00060865,             0.97868,             0.91948,             0.95631,             0.83831,            0.027413,             0.03228,          0.00026112,            0.004291,            0.004291,            0.004291
                 175,            0.036226,              0.0718,          0.00057987,             0.97697,             0.92048,             0.95654,             0.83995,            0.027422,            0.032158,          0.00025582,            0.004258,            0.004258,            0.004258
                 176,            0.036296,            0.072052,          0.00058854,             0.97866,             0.92342,             0.95902,             0.84038,            0.027413,            0.032059,          0.00025883,            0.004225,            0.004225,            0.004225
                 177,            0.035997,            0.071644,          0.00058953,             0.97797,             0.92054,             0.95895,             0.84069,            0.027443,            0.032036,          0.00025568,            0.004192,            0.004192,            0.004192
                 178,             0.03604,            0.071659,          0.00060229,             0.97822,             0.91962,             0.95771,             0.83848,            0.027437,            0.032188,          0.00025682,            0.004159,            0.004159,            0.004159
                 179,             0.03601,            0.071745,          0.00058258,             0.97827,              0.9173,             0.95538,             0.83675,            0.027503,            0.032417,           0.0002511,            0.004126,            0.004126,            0.004126
                 180,            0.036052,            0.071513,          0.00059225,             0.97765,              0.9182,             0.95538,             0.83835,            0.027566,            0.032562,          0.00025158,            0.004093,            0.004093,            0.004093
                 181,            0.035876,            0.070977,          0.00059689,              0.9769,             0.91577,             0.95402,             0.83917,            0.027454,            0.032387,          0.00024838,             0.00406,             0.00406,             0.00406
                 182,            0.036001,            0.071029,          0.00058896,             0.97612,             0.91674,             0.95383,             0.83893,            0.027501,             0.03196,          0.00024734,            0.004027,            0.004027,            0.004027
                 183,            0.035449,            0.070619,          0.00059079,             0.97675,             0.91931,             0.95611,             0.84078,            0.027408,            0.031784,          0.00024662,            0.003994,            0.003994,            0.003994
                 184,            0.035878,            0.070765,          0.00058418,             0.97633,             0.92155,             0.95554,             0.84234,            0.027393,            0.031708,          0.00025287,            0.003961,            0.003961,            0.003961
                 185,            0.035874,            0.070805,          0.00056588,             0.97791,             0.91963,             0.95519,             0.84186,            0.027381,            0.031715,          0.00025392,            0.003928,            0.003928,            0.003928
                 186,            0.035834,            0.071123,          0.00057678,             0.97823,             0.91935,             0.95535,              0.8411,             0.02733,            0.031891,          0.00025387,            0.003895,            0.003895,            0.003895
                 187,            0.035866,            0.070906,          0.00059751,             0.97606,             0.92149,             0.95457,             0.84129,            0.027294,            0.032234,          0.00025206,            0.003862,            0.003862,            0.003862
                 188,            0.035628,            0.070524,          0.00058126,             0.97491,             0.92107,             0.95499,             0.84173,            0.027343,            0.032219,           0.0002512,            0.003829,            0.003829,            0.003829
                 189,            0.035886,             0.07064,           0.0005709,             0.97413,             0.92097,             0.95473,             0.84099,            0.027312,            0.032211,          0.00025015,            0.003796,            0.003796,            0.003796
                 190,            0.035897,            0.070705,          0.00059098,             0.97601,             0.92255,             0.95458,             0.84117,            0.027367,            0.032166,          0.00025067,            0.003763,            0.003763,            0.003763
                 191,            0.035776,            0.070665,          0.00058853,             0.97752,             0.91921,             0.95475,             0.84169,            0.027366,            0.032196,          0.00024581,             0.00373,             0.00373,             0.00373
                 192,            0.035579,            0.069897,          0.00055219,              0.9754,              0.9206,             0.95516,              0.8441,            0.027282,            0.031944,          0.00024614,            0.003697,            0.003697,            0.003697
                 193,            0.035669,            0.070348,          0.00054458,             0.97877,             0.92332,             0.95748,             0.84372,            0.027282,            0.031906,          0.00024543,            0.003664,            0.003664,            0.003664
                 194,            0.035474,            0.070218,          0.00056326,             0.97878,             0.92093,             0.95794,             0.84415,            0.027332,            0.031906,          0.00024447,            0.003631,            0.003631,            0.003631
                 195,            0.035497,            0.069776,          0.00058821,             0.97657,             0.92068,             0.95842,             0.84418,            0.027371,            0.032066,          0.00024185,            0.003598,            0.003598,            0.003598
                 196,            0.035598,             0.06999,          0.00057867,             0.97835,             0.92197,             0.96219,              0.8467,            0.027355,            0.032005,          0.00023894,            0.003565,            0.003565,            0.003565
                 197,            0.035518,              0.0697,          0.00055443,             0.97721,             0.92409,             0.95819,             0.84344,            0.027398,            0.032143,          0.00024104,            0.003532,            0.003532,            0.003532
                 198,            0.035387,            0.069777,          0.00055133,             0.97635,             0.92376,             0.95589,             0.84181,             0.02735,            0.032158,          0.00023675,            0.003499,            0.003499,            0.003499
                 199,            0.035461,             0.06966,          0.00055124,             0.97808,              0.9249,             0.95499,             0.84236,            0.027349,            0.032104,          0.00023699,            0.003466,            0.003466,            0.003466
                 200,            0.035262,            0.069521,          0.00056787,             0.97803,             0.92563,             0.95577,             0.84193,            0.027338,             0.03199,          0.00023832,            0.003433,            0.003433,            0.003433
                 201,            0.035427,            0.069559,          0.00058395,             0.97746,             0.92543,             0.95746,             0.84209,            0.027323,            0.031998,          0.00023947,              0.0034,              0.0034,              0.0034
                 202,            0.035446,            0.069084,          0.00054688,             0.97686,             0.92469,             0.95709,             0.84145,            0.027363,            0.032097,          0.00023475,            0.003367,            0.003367,            0.003367
                 203,            0.035261,             0.06903,          0.00055477,              0.9763,             0.92838,              0.9584,             0.84327,            0.027267,            0.031914,          0.00023284,            0.003334,            0.003334,            0.003334
                 204,             0.03528,             0.06878,          0.00052705,             0.97677,             0.92586,              0.9573,             0.84255,            0.027248,            0.032043,          0.00022964,            0.003301,            0.003301,            0.003301
                 205,            0.035144,            0.069089,          0.00056368,             0.97632,              0.9263,             0.95741,             0.84322,            0.027169,            0.031921,           0.0002255,            0.003268,            0.003268,            0.003268
                 206,            0.035131,            0.069287,          0.00055115,             0.97782,             0.92467,             0.95639,             0.84274,            0.027205,            0.032051,          0.00022349,            0.003235,            0.003235,            0.003235
                 207,            0.035161,            0.068642,          0.00054604,             0.97713,             0.92359,             0.95553,             0.84322,            0.027182,            0.032074,          0.00022206,            0.003202,            0.003202,            0.003202
                 208,            0.035152,            0.068593,          0.00055606,             0.97677,             0.92321,             0.95499,             0.84174,            0.027159,            0.032089,          0.00022302,            0.003169,            0.003169,            0.003169
                 209,            0.035121,            0.068655,          0.00054526,             0.97807,             0.92485,             0.95421,             0.84175,            0.027161,            0.032158,          0.00022812,            0.003136,            0.003136,            0.003136
                 210,            0.035139,            0.068448,          0.00053912,              0.9785,             0.92484,             0.95373,             0.84259,            0.027121,            0.032143,          0.00022569,            0.003103,            0.003103,            0.003103
                 211,            0.034974,            0.068345,          0.00055535,             0.97847,             0.92334,             0.95465,             0.84354,            0.027118,            0.032204,          0.00022521,             0.00307,             0.00307,             0.00307
                 212,            0.034953,            0.068365,          0.00054113,             0.97891,             0.92381,             0.95547,             0.84278,            0.027174,            0.032318,          0.00022421,            0.003037,            0.003037,            0.003037
                 213,            0.035084,            0.068161,          0.00051477,             0.97932,             0.92282,             0.95584,             0.84243,            0.027161,            0.032364,          0.00022464,            0.003004,            0.003004,            0.003004
                 214,            0.034984,            0.067776,          0.00051499,             0.98007,             0.92096,             0.95495,             0.84249,            0.027146,            0.032288,          0.00022254,            0.002971,            0.002971,            0.002971
                 215,            0.034971,            0.068305,          0.00053119,             0.97817,             0.92379,             0.95461,             0.84157,             0.02715,            0.032196,          0.00022197,            0.002938,            0.002938,            0.002938
                 216,            0.035187,            0.068257,          0.00053354,             0.97972,             0.92306,             0.95457,             0.84292,             0.02711,            0.031944,           0.0002214,            0.002905,            0.002905,            0.002905
                 217,            0.034787,            0.068034,          0.00053945,             0.98221,             0.92327,              0.9556,             0.84402,            0.027123,            0.031975,           0.0002193,            0.002872,            0.002872,            0.002872
                 218,            0.034828,            0.068043,           0.0005114,             0.98053,             0.92196,             0.95435,             0.84365,            0.027131,            0.032013,          0.00021234,            0.002839,            0.002839,            0.002839
                 219,            0.034663,            0.067914,          0.00052178,             0.97804,              0.9231,             0.95502,             0.84529,            0.027105,            0.031921,          0.00020852,            0.002806,            0.002806,            0.002806
                 220,            0.034782,            0.067281,          0.00051264,             0.97841,             0.92073,             0.95507,             0.84513,            0.027129,             0.03199,          0.00020819,            0.002773,            0.002773,            0.002773
                 221,            0.034614,            0.067205,          0.00051492,             0.97886,             0.92139,             0.95547,             0.84503,            0.027116,            0.032028,          0.00020723,             0.00274,             0.00274,             0.00274
                 222,            0.034603,            0.067022,          0.00049924,             0.98005,               0.924,             0.95631,              0.8464,            0.027108,             0.03196,          0.00020504,            0.002707,            0.002707,            0.002707
                 223,            0.034581,            0.067721,          0.00051375,             0.97853,             0.92565,             0.95571,             0.84556,            0.027075,            0.031967,          0.00020466,            0.002674,            0.002674,            0.002674
                 224,            0.034663,            0.067188,          0.00048476,             0.97719,             0.92511,             0.95625,             0.84526,            0.027041,             0.03196,          0.00020485,            0.002641,            0.002641,            0.002641
                 225,            0.034425,            0.066963,          0.00052431,             0.97554,             0.92354,             0.95615,             0.84505,            0.027045,             0.03199,          0.00020242,            0.002608,            0.002608,            0.002608
                 226,            0.034487,            0.066978,          0.00048691,              0.9758,             0.92608,              0.9568,             0.84602,            0.027044,            0.031975,          0.00020032,            0.002575,            0.002575,            0.002575
                 227,             0.03466,            0.067463,          0.00053028,             0.97622,             0.92478,             0.95608,             0.84572,            0.027081,            0.032097,          0.00020256,            0.002542,            0.002542,            0.002542
                 228,            0.034643,            0.066613,          0.00049287,              0.9768,             0.92531,             0.95554,             0.84477,            0.027096,             0.03212,          0.00020223,            0.002509,            0.002509,            0.002509
                 229,            0.034736,            0.067089,          0.00050074,             0.97644,             0.92501,             0.95512,             0.84418,             0.02712,            0.032143,          0.00020237,            0.002476,            0.002476,            0.002476
                 230,            0.034529,            0.066641,          0.00048924,             0.97805,             0.92702,             0.95563,             0.84368,            0.027123,            0.032112,          0.00020185,            0.002443,            0.002443,            0.002443
                 231,            0.034353,             0.06641,          0.00051863,             0.97609,             0.92788,             0.95464,             0.84424,            0.027124,            0.032059,          0.00020285,             0.00241,             0.00241,             0.00241
                 232,            0.034585,            0.066653,          0.00049409,             0.97612,             0.92936,             0.95539,             0.84451,            0.027097,            0.031929,          0.00020161,            0.002377,            0.002377,            0.002377
                 233,            0.034428,            0.066105,          0.00050581,             0.97651,             0.92766,             0.95557,             0.84482,            0.027093,            0.031952,           0.0002008,            0.002344,            0.002344,            0.002344
                 234,             0.03447,             0.06634,          0.00049208,             0.97655,             0.92843,             0.95505,             0.84509,            0.027089,             0.03199,          0.00020051,            0.002311,            0.002311,            0.002311
                 235,             0.03435,            0.066318,          0.00050239,             0.97761,             0.92734,             0.95436,             0.84397,            0.027085,            0.031998,          0.00020056,            0.002278,            0.002278,            0.002278
                 236,            0.034448,            0.065532,          0.00048205,             0.97772,             0.92817,             0.95458,             0.84502,            0.027084,            0.031952,          0.00019951,            0.002245,            0.002245,            0.002245
                 237,            0.034283,            0.065819,          0.00048778,             0.97694,             0.92784,             0.95407,             0.84472,            0.027095,            0.031906,          0.00019865,            0.002212,            0.002212,            0.002212
                 238,            0.033981,            0.065587,           0.0004874,             0.97776,             0.92766,              0.9544,             0.84461,            0.027091,             0.03186,          0.00019803,            0.002179,            0.002179,            0.002179
                 239,            0.034109,            0.065648,          0.00047598,             0.97767,             0.92757,             0.95451,             0.84576,            0.027077,            0.031815,          0.00019636,            0.002146,            0.002146,            0.002146
                 240,            0.034148,             0.06511,          0.00046987,             0.97809,             0.92808,              0.9549,             0.84453,            0.027084,             0.03183,          0.00019641,            0.002113,            0.002113,            0.002113
                 241,            0.034315,            0.065385,          0.00046772,             0.97778,             0.92792,             0.95469,             0.84446,            0.027104,            0.031853,          0.00019665,             0.00208,             0.00208,             0.00208
                 242,            0.034042,            0.065193,          0.00048954,              0.9801,             0.92811,             0.95481,             0.84505,            0.027096,            0.031876,          0.00019655,            0.002047,            0.002047,            0.002047
                 243,            0.033902,            0.064996,          0.00048886,              0.9789,             0.92758,             0.95425,             0.84567,            0.027101,            0.031898,          0.00019493,            0.002014,            0.002014,            0.002014
                 244,             0.03417,             0.06531,          0.00047832,             0.97814,             0.92705,              0.9544,             0.84579,            0.027083,            0.031891,          0.00019326,            0.001981,            0.001981,            0.001981
                 245,            0.034172,            0.065379,          0.00045601,             0.97874,             0.92631,             0.95432,             0.84582,             0.02705,             0.03196,           0.0001936,            0.001948,            0.001948,            0.001948
                 246,            0.033991,            0.064752,          0.00046426,             0.97727,             0.92665,             0.95404,             0.84597,            0.027067,            0.032005,          0.00019317,            0.001915,            0.001915,            0.001915
                 247,            0.033916,            0.064432,          0.00046699,             0.97771,             0.92745,             0.95426,             0.84583,            0.027088,            0.032066,          0.00019336,            0.001882,            0.001882,            0.001882
                 248,            0.034001,            0.064671,          0.00045782,             0.97783,             0.92679,             0.95467,             0.84589,            0.027108,            0.032097,          0.00019431,            0.001849,            0.001849,            0.001849
                 249,            0.033913,             0.06468,          0.00046791,             0.97913,             0.92585,             0.95465,             0.84568,            0.027121,            0.032097,          0.00019374,            0.001816,            0.001816,            0.001816
                 250,            0.034006,            0.064487,          0.00046906,             0.97821,             0.92617,             0.95433,             0.84577,            0.027129,            0.032097,          0.00019355,            0.001783,            0.001783,            0.001783
                 251,            0.033875,             0.06422,          0.00044888,             0.97915,             0.92684,             0.95427,             0.84546,            0.027136,            0.032089,          0.00019197,             0.00175,             0.00175,             0.00175
                 252,            0.033951,            0.064085,          0.00046463,             0.97854,             0.92608,             0.95422,             0.84559,            0.027123,            0.032104,          0.00019107,            0.001717,            0.001717,            0.001717
                 253,            0.033768,            0.064218,          0.00046405,              0.9794,             0.92619,             0.95493,             0.84551,            0.027122,            0.032104,          0.00018835,            0.001684,            0.001684,            0.001684
                 254,            0.033772,            0.063786,          0.00044856,             0.97984,              0.9265,             0.95454,             0.84461,            0.027111,            0.032097,          0.00018711,            0.001651,            0.001651,            0.001651
                 255,             0.03356,            0.063323,          0.00045282,             0.97941,             0.92593,             0.95435,             0.84509,            0.027115,            0.032089,          0.00018592,            0.001618,            0.001618,            0.001618
                 256,            0.033731,            0.064081,          0.00044493,             0.98096,              0.9258,             0.95434,             0.84489,            0.027119,            0.032104,          0.00018325,            0.001585,            0.001585,            0.001585
                 257,            0.033686,            0.063226,          0.00044532,              0.9806,             0.92548,             0.95501,             0.84547,            0.027127,            0.032082,          0.00018196,            0.001552,            0.001552,            0.001552
                 258,            0.033798,            0.063012,          0.00043954,             0.98062,             0.92623,             0.95503,             0.84594,            0.027108,            0.032059,           0.0001812,            0.001519,            0.001519,            0.001519
                 259,            0.033682,             0.06328,          0.00041966,             0.97925,             0.92743,             0.95447,             0.84584,            0.027089,            0.032036,          0.00017934,            0.001486,            0.001486,            0.001486
                 260,            0.033276,            0.062368,          0.00045567,             0.97942,             0.92726,             0.95485,             0.84698,            0.027082,            0.032021,          0.00017767,            0.001453,            0.001453,            0.001453
                 261,             0.03336,            0.063306,          0.00044152,             0.97976,             0.92659,             0.95444,             0.84652,            0.027071,            0.032005,          0.00017557,             0.00142,             0.00142,             0.00142
                 262,            0.033332,            0.062606,          0.00044111,             0.97997,             0.92603,             0.95515,             0.84659,            0.027072,             0.03199,          0.00017428,            0.001387,            0.001387,            0.001387
                 263,            0.033312,            0.063151,          0.00042003,             0.97958,             0.92579,             0.95493,             0.84706,            0.027075,            0.032005,          0.00017271,            0.001354,            0.001354,            0.001354
                 264,            0.033411,            0.062814,          0.00042295,             0.98007,             0.92663,             0.95472,             0.84648,            0.027085,            0.032036,          0.00017107,            0.001321,            0.001321,            0.001321
                 265,            0.033293,             0.06277,          0.00042326,             0.98041,             0.92729,             0.95594,             0.84669,            0.027075,            0.031998,          0.00016954,            0.001288,            0.001288,            0.001288
                 266,            0.033141,            0.062465,          0.00041066,             0.98028,             0.92668,             0.95484,              0.8466,             0.02707,            0.032005,          0.00016782,            0.001255,            0.001255,            0.001255
                 267,            0.033297,            0.062715,          0.00042553,             0.98117,             0.92664,             0.95477,             0.84734,            0.027067,            0.031982,          0.00016642,            0.001222,            0.001222,            0.001222
                 268,            0.033129,            0.062354,          0.00040635,             0.98055,             0.92585,             0.95432,             0.84712,             0.02706,             0.03199,          0.00016539,            0.001189,            0.001189,            0.001189
                 269,            0.033239,            0.062009,          0.00040029,             0.98089,             0.92605,             0.95429,             0.84703,            0.027053,            0.032036,          0.00016456,            0.001156,            0.001156,            0.001156
                 270,            0.033221,            0.061899,           0.0004069,             0.98089,             0.92588,             0.95428,             0.84768,            0.027045,            0.032059,          0.00016329,            0.001123,            0.001123,            0.001123
                 271,            0.033089,            0.061925,          0.00040987,              0.9809,             0.92629,             0.95527,             0.84779,            0.027039,            0.032036,          0.00016181,             0.00109,             0.00109,             0.00109
                 272,            0.032928,            0.061775,          0.00039114,             0.98047,             0.92602,             0.95536,              0.8479,             0.02704,            0.032051,          0.00016065,            0.001057,            0.001057,            0.001057
                 273,            0.033155,            0.061614,          0.00040159,             0.98011,             0.92582,             0.95541,             0.84883,            0.027036,            0.032043,          0.00015922,            0.001024,            0.001024,            0.001024
                 274,            0.033123,            0.061544,          0.00041518,             0.98003,             0.92578,             0.95537,             0.84877,            0.027039,            0.032082,          0.00015805,            0.000991,            0.000991,            0.000991
                 275,            0.033163,            0.061848,           0.0003976,             0.98003,             0.92591,             0.95532,             0.84847,            0.027029,            0.032104,          0.00015664,            0.000958,            0.000958,            0.000958
                 276,            0.032709,            0.061056,          0.00040064,             0.98004,              0.9261,             0.95519,             0.84828,            0.027038,            0.032112,          0.00015531,            0.000925,            0.000925,            0.000925
                 277,            0.032873,            0.061387,          0.00039616,             0.97958,             0.92585,              0.9552,             0.84855,            0.027043,            0.032104,          0.00015359,            0.000892,            0.000892,            0.000892
                 278,            0.032954,            0.061644,          0.00040847,             0.97958,             0.92564,             0.95416,             0.84827,            0.027044,            0.032104,          0.00015166,            0.000859,            0.000859,            0.000859
                 279,            0.032999,             0.06104,          0.00038539,             0.98002,             0.92561,             0.95421,             0.84814,            0.027055,            0.032135,          0.00015039,            0.000826,            0.000826,            0.000826
                 280,            0.032704,            0.060855,          0.00038016,             0.97917,             0.92558,             0.95431,             0.84789,            0.027059,            0.032135,           0.0001493,            0.000793,            0.000793,            0.000793
                 281,            0.032853,            0.061028,          0.00039605,             0.97959,             0.92558,              0.9553,             0.84811,            0.027064,             0.03215,          0.00014811,             0.00076,             0.00076,             0.00076
                 282,            0.032537,            0.060339,          0.00038248,             0.97917,             0.92565,             0.95424,             0.84808,            0.027067,            0.032166,           0.0001467,            0.000727,            0.000727,            0.000727
                 283,            0.032995,            0.060872,          0.00038513,             0.97916,             0.92542,             0.95428,             0.84755,            0.027063,            0.032166,          0.00014534,            0.000694,            0.000694,            0.000694
                 284,            0.032997,            0.060866,          0.00038414,             0.97917,             0.92555,             0.95513,             0.84755,            0.027066,            0.032166,          0.00014384,            0.000661,            0.000661,            0.000661
                 285,            0.032754,            0.060338,          0.00037117,             0.97959,             0.92533,             0.95564,             0.84743,            0.027066,            0.032181,          0.00014265,            0.000628,            0.000628,            0.000628
                 286,             0.03278,            0.059952,          0.00036948,             0.97951,             0.92498,              0.9543,             0.84852,            0.027068,            0.032196,          0.00014153,            0.000595,            0.000595,            0.000595
                 287,            0.032494,            0.060028,          0.00037007,              0.9796,             0.92569,              0.9547,             0.84845,            0.027071,            0.032219,          0.00014119,            0.000562,            0.000562,            0.000562
                 288,             0.03284,            0.059989,          0.00037619,              0.9796,             0.92538,              0.9546,             0.84829,            0.027075,            0.032249,          0.00014093,            0.000529,            0.000529,            0.000529
                 289,            0.032541,            0.059823,          0.00035072,              0.9796,              0.9255,             0.95452,             0.84858,            0.027081,             0.03228,           0.0001406,            0.000496,            0.000496,            0.000496
                 290,            0.032562,            0.059635,           0.0003675,             0.97941,               0.925,              0.9546,             0.84882,            0.027086,            0.032318,           0.0001405,            0.000463,            0.000463,            0.000463
                 291,            0.032347,            0.059603,           0.0003662,             0.97925,               0.925,             0.95452,              0.8489,            0.027085,            0.032341,          0.00014038,             0.00043,             0.00043,             0.00043
                 292,             0.03263,            0.059607,          0.00035339,             0.97928,             0.92458,             0.95464,             0.84869,            0.027085,            0.032372,          0.00014029,            0.000397,            0.000397,            0.000397
                 293,            0.032383,            0.059215,          0.00035966,             0.97881,             0.92453,             0.95462,             0.84872,             0.02709,            0.032394,          0.00014012,            0.000364,            0.000364,            0.000364
                 294,            0.032461,            0.059245,          0.00034961,             0.97924,             0.92582,              0.9546,              0.8491,            0.027091,            0.032417,          0.00013986,            0.000331,            0.000331,            0.000331
                 295,            0.032557,            0.058717,           0.0003513,             0.97925,             0.92618,             0.95468,             0.84898,            0.027098,            0.032433,          0.00013957,            0.000298,            0.000298,            0.000298
                 296,            0.032358,            0.059174,          0.00035339,             0.97967,             0.92609,             0.95469,             0.84908,            0.027099,            0.032448,          0.00013926,            0.000265,            0.000265,            0.000265
                 297,             0.03249,            0.058749,          0.00036909,             0.97955,             0.92615,             0.95463,             0.84881,            0.027097,            0.032463,          0.00013907,            0.000232,            0.000232,            0.000232
                 298,            0.032651,            0.058741,          0.00034347,             0.97918,             0.92619,              0.9546,             0.84875,            0.027093,            0.032486,          0.00013881,            0.000199,            0.000199,            0.000199
                 299,            0.032382,            0.058416,          0.00035398,             0.97926,             0.92629,             0.95466,             0.84885,            0.027093,            0.032516,          0.00013881,            0.000166,            0.000166,            0.000166
